# Every release artifact that is copied from the repository, as
# "<name in dist>\t<path in the repository>".
#
# This file is the only mapping for non-schema repository assets. Public schema
# mappings come exclusively from the typed registry through
# scripts/release/schema-assets. The build, verifier, and real release trust
# target consume both owners directly.
#
# Generated artifacts and binaries have no repository source to compare and
# are owned separately by scripts/release/generated-assets.sh.
install.sh	install.sh
install.ps1	install.ps1
reconc-harness-pack-advanced-1.0.0.zip	harness/advanced-pack.zip
